"id","username","full_name","description","is_verified","restricted","_id","_status","id_alt"
"100063695660293","ukraina.ru","–£–∫—Ä–∞–∏–Ω–∞.—Ä—É","–ò–Ω—Ñ–æ—Ä–º–∞—Ü–∏–æ–Ω–Ω–æ-–∞–Ω–∞–ª–∏—Ç–∏—á–µ—Å–∫–æ–µ –∏–∑–¥–∞–Ω–∏–µ ¬´–£–∫—Ä–∞–∏–Ω–∞.—Ä—É¬ª",False,NULL,378,"downloaded",NULL
"144698628932572","tassagency","–¢–ê–°–°","–ò–Ω—Ñ–æ—Ä–º–∞—Ü–∏–æ–Ω–Ω–æ–µ –∞–≥–µ–Ω—Ç—Å—Ç–≤–æ –†–æ—Å—Å–∏–∏ ""–¢–ê–°–°"" - –ö—Ä—É–ø–Ω–µ–π—à–µ–µ —Ä–æ—Å—Å–∏–π—Å–∫–æ–µ –Ω–æ–≤–æ—Å—Ç–Ω–æ–µ –∞–≥–µ–Ω—Ç—Å—Ç–≤–æ, —Ñ–æ—Ç–æ- –∏ –≥—Ä–∞—Ñ–∏—á–µ—Å–∫–∞—è —Å–ª—É–∂–±—ã, –æ—Å–≤–µ—â–∞—é—â–∏–µ —Å–æ–±—ã—Ç–∏—è –≤ —Ä–µ–∂–∏–º–µ —Ä–µ–∞–ª—å–Ω–æ–≥–æ –≤—Ä–µ–º–µ–Ω–∏.

–ë–æ–ª–µ–µ 500 –∫–æ—Ä—Ä–µ—Å–ø–æ–Ω–¥–µ–Ω—Ç–æ–≤ –≤ –†–æ—Å—Å–∏–∏ –∏ –∑–∞ —Ä—É–±–µ–∂–æ–º. 

–û–∫–æ–ª–æ 200 –∏–Ω—Ñ–æ—Ä–º–∞—Ü–∏–æ–Ω–Ω—ã—Ö –ø—Ä–æ–¥—É–∫—Ç–æ–≤ –æ –ø–æ–ª–∏—Ç–∏—á–µ—Å–∫–æ–π, —ç–∫–æ–Ω–æ–º–∏—á–µ—Å–∫–æ–π, –æ–±—â–µ—Å—Ç–≤–µ–Ω–Ω–æ–π, –∫—É–ª—å—Ç—É—Ä–Ω–æ–π, —Å–ø–æ—Ä—Ç–∏–≤–Ω–æ–π –∂–∏–∑–Ω–∏ –†–æ—Å—Å–∏–∏ –∏ –º–∏—Ä–∞.",True,NULL,364,"downloaded",NULL
"114460923709287","4media.INFO","4media.INFO","4MEDIA.INFO este un proiect media independent √Æn care se prezintƒÉ opinii, interviuri »ôi evenimente interne »ôi interna»õionale.",False,NULL,319,"downloaded","100064141090703"
"100044386691134","ing.milan.uhrik","Milan Uhr√≠k ‚Ä¢ Republika","Ing. Milan Uhr√≠k, PhD. - predseda hnutia REPUBLIKA, poslanec Eur√≥pskeho parlamentu",False,NULL,489,"downloaded",NULL
"100063477739510","tsoncho.ganev","–¶–æ–Ω—á–æ –ì–∞–Ω–µ–≤","–ó–∞–º–µ—Å—Ç–Ω–∏–∫-–ø—Ä–µ–¥—Å–µ–¥–∞—Ç–µ–ª –Ω–∞ –í—ä–∑—Ä–∞–∂–¥–∞–Ω–µ",True,NULL,55,"downloaded",NULL
"100064898132087","ambrusitalia","Ambasciata della Federazione Russa in Italia / –ü–æ—Å–æ–ª—å—Å—Ç–≤–æ –†–æ—Å—Å–∏–∏ –≤ –ò—Ç–∞–ª–∏–∏","Il profilo ufficiale dell'Ambasciata della Federazione Russa in Italia e nella Repubblica di San Mar",True,NULL,603,"downloaded",NULL
"100068846905135","russembangola","Embaixada da Federa√ß√£o da R√∫ssia na Rep√∫blica de Angola","A p√°gina oficial da Embaixada da R√∫ssia em Angola e S√£o Tom√© e Pr√≠ncipe
–û—Ñ–∏—Ü–∏–∞–ª—å–Ω–∞—è ",True,NULL,3,"downloaded",NULL
"1433810553594661","wimacht","Wissen ist Macht","WISSENSWERTES, FAKTEN,
AUFKL√ÑRUNG & UNTERHALTUNG - Die Revolution ist keine Krankheitserscheinung, sondern eine notwendige Phase der Entwicklung unserer Spezies.",False,NULL,18,"downloaded",NULL
"100044566592485","neverforgetniki","Neverforgetniki","Blogger, Wortk√ºnstler und freier Journalist
Urheberrecht f√ºr alle Texte bei mir
YouTube
https://ww",False,NULL,102,"downloaded",NULL
"100069390481601","unzensuriert","unzensuriert.at","Demokratisch, kritisch, polemisch und selbstverst√§ndlich parteilich",False,NULL,13,"downloaded",NULL
"960138591245808",NULL,"GIGI Becali Grup","√én acest grup se acceptƒÉ postƒÉri despre credin»õƒÉ, Iisus, Dumnezeu »ôi ce »õine legat de personalitatea GIGI Becali, mul»õumesc pentru cƒÉ te-ai alƒÉturat comunitƒÉ»õii noastre !",NULL,NULL,268,"downloaded",NULL
"100063937567968","NuoViso.TV","NuoViso.TV","Zum Impressum: http://www.Nuoflix.de/impressum",False,NULL,100,"downloaded",NULL
"100064603219571","armadaRF","Arm√°da Ruskej Feder√°cie","Tento projekt sa zaober√° arm√°dou Ruskej feder√°cie, technikou RF a ZSSR, arm√°dou ZSSR a spriatele",False,NULL,438,"downloaded",NULL
"100044563410651","george.simion.unire","George Simion","ROM√ÇNIA MARE √éN EUROPA!",True,NULL,598,"downloaded","2212856535602171"
"100039658642469","wochenblick","Wochenblick","Die neue Zeitung aus Ober√∂sterreich

Die Redaktion des Wochenblick agiert als Autorenkollektiv, med",False,NULL,12,"downloaded",NULL
"100051217200820","shesti.elena","–ù–∏–µ —Å–º–µ –®–µ—Å—Ç–∏ —Å–µ–ø—Ç–µ–º–≤—Ä–∏ - —Å—Ç—Ä–∞–Ω–∏—Ü–∞ –Ω–∞ –ï–ª–µ–Ω–∞ –ì—É–Ω—á–µ–≤–∞","–ê–¥–≤–æ–∫–∞—Ç",False,NULL,38,"downloaded",NULL
"233946916972658","friedentotal","Frieden Total","Ab Januar 2017  bei Facebook, Instagram & YouTube:

""Frieden Total"" 

Die  Friedensaktivisten - Webshow - Mit ""Frieden Total"" hat Ben Frieden 2017 eine Oase des Friedens erschaffen, die in erster Linie positive Energie, Mut und Zuversicht spenden m√∂chte. Und wir k√∂nnen voller Freude sagen: Genau das tut sie auch! Das Kernteam bilden jetzt der gerade erw√§hnte Gr√ºndungsvater Ben Frieden und Simon Gabriel.

Letztendlich ist ""Frieden Total"" inzwischen zu einem Friedensnetzwerk gewachsen, das eine Vielzahl an Aktivisten in Deutschland und √ñsterreich miteinander verbindet. In dieser Verbindung finden wir die wundervolle M√∂glichkeit, uns gegenseitig zu best√§rken, zu inspirieren und Friedensprojekte unterschiedlichster Art gemeinsam mit Leben zu f√ºllen. Wir pr√§sentieren, wir singen, wir texten, wir rappen, wir fotografieren, wir filmen, wir philosophieren... kurzum: wir feiern das Leben und nutzen unsere kreative sprich unsere sch√∂pferische Energie, um so in Verbundenheit unsere Visionen ins Leben zu rufen. Dies hilft uns dabei, unsere eigenen Traumata zu transformieren, den Frieden in uns zu gestalten, um ihn dann mit Freude in unsere Welt zu tragen.

Auf Facebook ist inzwischen eine wundervolle Community entstanden, die √ºber 50.000 Mitwirkende z√§hlt. Wir sind √§u√üerst dankbar √ºber den regen Austausch, der √ºber das Netzwerk stattfindet. Wir m√∂chten auch weiterhin dazu beitragen, den ein oder anderen Impuls oder Denkansto√ü zu geben.

Das Sch√∂ne an dieser Verbindung ist ja insbesondere die Offenheit, die sie kennzeichnet. Es ist wirklich jeder dazu eingeladen, sich mit seinen Ideen und Visionen an dieser Friedensarbeit zu beteiligen. Es gibt keine Barrieren, denn eine friedliche Begegnung ist nicht nur im Netz, sondern - und das ist vielleicht noch viel wichtiger - auch auf den allj√§hrlichen Veranstaltungen wie dem Friedenscamp im Rahmen der ""Stopp Air Base Ramstein - keinen Drohnenkrieg Aktionswoche"" oder dem ""Pax Terra Musica Friedensfestival"" regelm√§√üig m√∂glich. Hier kommen wir zusammen, um gemeinsam Teil der Ver√§nderung zu sein, wie sagt es Mahatma Gandhi so treffend: ""Sei du selbst die Ver√§nderung, die du dir w√ºnscht f√ºr diese Welt.""

Und nein, wir wollen nicht missionieren, besserwisserisch daherkommen oder jemanden diktieren, wie er zu denken oder zu handeln hat. Letzendlich sind wir doch alle noch auf dem Weg der Selbstfindung.

Wir m√∂chten als Teil der Friedensbewegung andere Menschen an diesem Weg teilhaben lassen und ihnen mit unseren Projekten zeigen, was wir als Aktivisten in der Friedensbewegung so tun, wie wir uns in den letzen Jahren vernetzt haben, wo wir uns engagieren und wie viele unterschiedliche M√∂glichkeiten es gibt friedlich, selbstbestimmt und effektiv zusammen zu kommen. Dar√ºber hinaus m√∂chten wir zum Beispiel √ºber alternative und autarke Lebensweisen berichten.

Wir wollen Menschen erreichen, die sich f√ºr die Friedensarbeit interessieren und sich vielleicht (mehr) engagieren wollen. Menschen, die etwas Gutes f√ºr unseren Planeten tun m√∂chten, nicht mehr mitmachen wollen in diesen destruktiven Systemen und die sich nicht auseinanderdividieren lassen wollen.

Es w√§re f√ºr uns eine unendlich gro√üe Freude, wenn wir mit ""Frieden Total"" dazu beitragen k√∂nnen, dass sich die Friedensbewegungen wieder aufeinader zubewegen, ihre Differenzen beiseite legen und damit beginnen, sich als Einheit wahrzunehmen. Letztendlich ist Frieden eine sehr verbindende Kraft und egal ob Ern√§hrung, Naturschutz, Menschen- oder Tierrechte etc. letztendlich verbindet uns alle der Wunsch nach Liebe, Frieden und Freiheit.

Wir sind davon √ºberzeugt, dass die Zeit jetzt endg√ºltig reif f√ºr eine vereinte Friedensbewegung ist und das nicht nur in Anbetracht der geopolitischen St√ºrme, die immer wieder aufziehen. Eine integrative Friedensbewegung hat sicherlich die Kraft, wirklichen Zusammenhalt lebendig werden zu lassen. 

Wir haben die Vision einer globalen Vereinigung aller Friedensbewegungen, damit endlich ein deutlich sp√ºrbarer Schritt zum Weltfrieden gegangen werden kann. Wir wollen nicht mehr gegeneinander spielen, sondern zur√ºck auf ""Los"" gehen und den Spieler, der die Bank betreibt, unsere Kraft entziehen. Frei nach der Devise: Wir weigern uns, Feinde zu sein!

Wir sind die Mehrheit, die Frieden wollen. Vielleicht sind wir zum Teil auch die informierte und w√ºtende √ñffentlichkeit von der Edward Snowden gesprochen hat, doch eines ist GANZ sicher: Wir werden besonders in diesen Zeiten friedliche und empathische Menschen bleiben und wir werden dies auch in Zukunft weiterhin zum Ausdruck bringen.

Und darum sagen wir: Kommt, wir ziehen gemeinsam in den Frieden!",False,NULL,107,"downloaded",NULL
"100064628534852","RussophiliaBulgarophilia","–†—É—Å–æ—Ñ–∏–ª–∏","–ë—ä–ª–≥–∞—Ä–∏—è –∏ –†—É—Å–∏—è ‚Äì –ë—Ä–∞—Ç—è –ù–∞–≤—£–∫–∏ !!!
ü¶Å üáßüá¨ üíû üá∑üá∫ üêª ",False,NULL,51,"downloaded",NULL
"1575860640","giorgio.bianchi.100","Giorgio Bianchi","Documentary photographer - Director - Filmmaker - Writer

t.me@giorgiobianchiphotojournalist
",False,NULL,514,"downloaded",NULL
"159564110726533","1tvnews","–ù–æ–≤–æ—Å—Ç–∏ –ü–µ—Ä–≤–æ–≥–æ –∫–∞–Ω–∞–ª–∞",NULL,True,NULL,309,"downloaded","100064478088503"
"154719474224","nicvoiculet","Nicolae Voicule»õ","RugƒÉciunea din ‚ÄúDOINƒÇ‚Äù este lumina ce-mi »õine inima aprinsƒÉ! Dedic toatƒÉ muzica mea iubirii de Dumnezeu »ôi de Neam! Doinele √Æmi sunt rugƒÉciune iar Rom√¢nia sunetul!",True,NULL,344,"downloaded",NULL
"1424889777766065","NatoAustritt","NATO Austritt","Der AUSTRITT aus der NATO ist durch K√ºndigung nach Artikel 13 des NATO-Vertrages m√∂glich - NORDATLANTIKVERTRAG
http://www.nato.diplo.de/Vertretung/nato/de/04/Rechtliche__Grundlagen/Nordatlantikvertrag.html

Die K√ºndigung des NATOVERTRAGES w√ºrde dann die Einnahme einer neutralen Position m√∂glich machen, wie Schweiz, √ñsterreich, Finnland und Schweden, welche durch eine Erkl√§rung der Neutralit√§t Deutschlands gegen√ºber der UNO erfolgt.

___________________________________

die Durchsicht aller Kommentare ist nicht m√∂glich
daher die Bitte, wichtige Infos direkt oder auf die Seite senden, damit √ºber eine vordergr√ºndige Ver√∂ffentlichung entschieden werden kann

den Vermerk "" FakeNewsVerdacht "" kann  jede/r Leser/in in der Kommentarfunktion setzen

Aufmerksame Leser haben auf Inhalte eines Beitrages hingewiesen, welcher rechte und nationalistische Bemerkungen einschleust.
Dies zu erkennen ist mitunter schwer bis unm√∂glich und oft nur sehr aufmerksamen und erfahrenen Menschen m√∂glich.

Sollte dies nochmal festgestellt werden, bittet ich neben einem Kommentar um direkte info an mich.
_____________________________________",False,NULL,147,"downloaded",NULL
"1492252324350852","mod.mil.rus","–ú–∏–Ω–æ–±–æ—Ä–æ–Ω—ã –†–æ—Å—Å–∏–∏","–û—Ñ–∏—Ü–∏–∞–ª—å–Ω–∞—è —Å—Ç—Ä–∞–Ω–∏—Ü–∞ –ú–∏–Ω–∏—Å—Ç–µ—Ä—Å—Ç–≤–∞ –æ–±–æ—Ä–æ–Ω—ã –†–æ—Å—Å–∏–π—Å–∫–æ–π –§–µ–¥–µ—Ä–∞—Ü–∏–∏ - Telegram-–∫–∞–Ω–∞–ª –ú–∏–Ω–æ–±–æ—Ä–æ–Ω—ã –†–æ—Å—Å–∏–∏ –Ω–∞ —Ä—É—Å—Å–∫–æ–º —è–∑—ã–∫–µ ‚û° https://t.me/mod_russia.

Telegram-–∫–∞–Ω–∞–ª –ú–∏–Ω–æ–±–æ—Ä–æ–Ω—ã –†–æ—Å—Å–∏–∏ –Ω–∞ –∞–Ω–≥–ª–∏–π—Å–∫–æ–º —è–∑—ã–∫–µ ‚û° https://t.me/mod_russia_en

Rutube-–∫–∞–Ω–∞–ª –ú–∏–Ω–æ–±–æ—Ä–æ–Ω—ã –†–æ—Å—Å–∏–∏ ‚û° https://rutube.ru/channel/24675435/",True,NULL,391,"downloaded",NULL
"100063622184348","Sergiu.Mihalcea.PaginaOficiala","Sergiu Mihalcea",",,Civism »ôi Con»ôtiin»õƒÉ‚Äù| Jurnalism independent| Comunicare obiectivƒÉ | Implicare cetƒÉ»õeneascƒÉ. ",False,NULL,294,"downloaded",NULL
"787994435289379","group/rumenradevspasitel","–†—É–º–µ–Ω –†–∞–¥–µ–≤ - —Å–ø–∞—Å–∏—Ç–µ–ª—è—Ç –Ω–∞ –ë—ä–ª–≥–∞—Ä–∏—è",NULL,NULL,NULL,65,"downloaded",NULL
"248236578706001",NULL,"Boarisch Bluad","Wer san ma und wos woll ma? Mia sama stoize Boarer wou a jeda wos zum song hod. Ob old oda jung, ob grou√ü oda gloa, ob dick oda diar, ob schee oda schich, ob grou√ükopfad oda gloaner, ob Jaga oder Wuild, ob Weibl oda Mandl bei uns sats grod richte. De boarisch Dradition und Gschicht is unsa Pflichd. Also her mid eiane Beidr√§g und Buildln, ia kinnts √ºbaoll eian Senf dazou gem. Wannds a Festl oda sowos hobts, guade Wirtslaid mid Wirtshaisl und oll den andan Schmarrn, eina damid ;-) Dolds de Seitn solang bias a an letztn Boarer¬¥s Bluad brodlt, wias Biar in da Sunn, dass ar a midmocht. I gfrei me sakrisch af eiane Posts und ned vagessn, Bayern des san ma mia! Boarisch Bluad, Boarisch Biar. Wea sei Hoamad ned liabd und ned eard, is a Lump af dera Wold und sei Hoamad ned werd.",NULL,NULL,108,"downloaded",NULL
"138513176208770","sputnik.france","Sputnik France","Sputnik France est un m√©dia d'information alternative et d'analyse, produisant un contenu exclusif, multim√©dia, et ouvert sur un monde multipolaire",True,NULL,90,"downloaded",NULL
"133283433353535","RT.InoTV","InoTV","–ù–∞ –ò–ù–û –¢–í –ø—É–±–ª–∏–∫—É—é—Ç—Å—è —Ä–µ–ø–æ—Ä—Ç–∞–∂–∏ –∑–∞—Ä—É–±–µ–∂–Ω—ã—Ö —Ç–µ–ª–µ–∫–∞–Ω–∞–ª–æ–≤ –æ –†–æ—Å—Å–∏–∏ —Å –ø–µ—Ä–µ–≤–æ–¥–æ–º –Ω–∞ —Ä—É—Å—Å–∫–∏–π —è–∑—ã–∫. –ú–∞—Ç–µ—Ä–∏–∞–ª—ã –º–æ–∂–Ω–æ –ø–æ—Å–º–æ—Ç—Ä–µ—Ç—å –≤ –æ—Ä–∏–≥–∏–Ω–∞–ª–µ.",False,NULL,365,"downloaded",NULL
"100049129852371","Pr√ºfe-alles-glaube-wenig-denke-selbst","Pr√ºfe alles, glaube wenig, denke selbst.","üôÇ https://t.me/pruefealles & üé¨ https://rumble.com/user/PruefeAllesGlaubeWenigDenkeSelbst",False,NULL,6,"downloaded",NULL
"182549563410","lentaru","Lenta.Ru","–û—Ñ–∏—Ü–∏–∞–ª—å–Ω–∞—è —Å—Ç—Ä–∞–Ω–∏—Ü–∞ –∏–∑–¥–∞–Ω–∏—è ¬´–õ–µ–Ω—Ç–∞.—Ä—É¬ª. –î–æ—Å—Ç–∞–≤–ª—è–µ–º –Ω–æ–≤–æ—Å—Ç–∏ –±–µ–∑ –ø–µ—Ä–µ—Ä—ã–≤–æ–≤ –∏ –≤—ã—Ö–æ–¥–Ω—ã—Ö —Å 1999 –≥–æ–¥–∞.",True,NULL,374,"downloaded",NULL
